Project ID,Call,Host,WP,Project Stage,g1,units_recorded,g2,output_described,reuse_terms_stated,g3,R1,R2,R3,R4,R5,R6,R7,R8,R9,destination,concordance,g4,declared_destination,TIL,DDSS,Report on file,Report file (primary),Report files (all versions),ID printed in report,Report period of access,Report: access documented,Report: access period ended,Report: SDL DOI,Report: own repository deposit,Report: output identified,Report: reuse terms stated,Report: destinations named,Report: RI destination named,Report: output described,DDSS labels,VA receiving node(s),RI portfolio(s),Project acronym,Twin record folded in,M1 grade,M2 grade,M3 grade,M4 grade,M5 grade,Codes,Non-family outcome,M5 leg status,Repository leg source,Route evidence grade,Report-supported TIL,Report chip,ILM identifier,ILM repository,ILM units recorded
C1_TA3-84-1_1,C1,Irpinia Near Fault Observatory,WP8,Project fully reported,True,True,True,True,True,True,CREW; EPOS,EPOS,CREW; EPOS,Zenodo,Zenodo,,,EPOS,EPOS,EPOS,5,True,CREW; EPOS,4,Data product,True,C1-TA3-84-1-1_FAIRWAY_IMR_UPDATE.docx,2.0,C1_TA3-84-1_1,From 20/10/2024 to 16/11/2024,True,True,,10.5281/zenodo.19370972,True,True,CREW; EPOS; Zenodo,True,True,Data product,CREW,EPOS,FAIRWAY-IMR,,DECLARED,NONE,NONE,NONE,DECLARED,●M1 ●M5,,established,canonical (ILM),DECLARED,4,REPORT ✓ + DOI,True,True,True
C1_TA3-84-1_2,C1,Irpinia Near Fault Observatory,WP8,Project fully reported,True,False,True,True,True,True,Zenodo,EPOS,CREW; EPOS,Zenodo,Zenodo,,,EPOS,EPOS,EPOS,4,True,CREW; EPOS; Zenodo,4,Data product,True,C1-TA3-84-1-2_AIBAZ_UPDATE.docx,2.0,C1_TA3-84-1_2,From 16/05/2025 to 26/06/2025,True,True,,10.5281/zenodo.19348231,True,True,Zenodo,False,True,Data product; Service,CREW,EPOS,AI-BAZ,,DECLARED,NONE,NONE,DECLARED,DECLARED,●M1 ●M4 ●M5,,established,canonical (ILM),DECLARED,4,REPORT ✓ + DOI,True,True,False
C1_TA3-84-1_3,C1,Irpinia Near Fault Observatory,WP8,Project fully reported,True,False,True,True,True,True,Zenodo,EPOS,EIDA,Zenodo,Zenodo,,,EPOS,EPOS,EPOS,3,True,EIDA; EPOS; Zenodo,4,Service,True,C1-TA3-84-1_3_OPTIMISED_UPDATE.docx,2.0,C1_TA3-84-1_3,In person: 2025-06-15 to 2025-07-06,True,True,,10.5281/zenodo.19369960,True,True,EIDA; EPOS; Zenodo,True,True,Service,EIDA,EPOS,OPTMISED,,NONE,NONE,NONE,DECLARED,DECLARED,●M4 ●M5,,established,canonical (ILM),DECLARED,4,REPORT ✓ + DOI,True,True,False
C2_TA3-84-1_2,C2,Irpinia Near Fault Observatory,WP8,Project fully reported,True,False,True,True,True,True,Zenodo,EPOS,EIDA,Zenodo,Zenodo,,,EPOS,EPOS,EPOS,3,True,EIDA; EPOS; Zenodo,4,Service,True,C2-TA3-84-1_2_SMAD.docx,1.0,C2_TA3-84-1_2,In person: 2026-01-25 to 2026-02-05,True,True,,10.5281/zenodo.19369960,True,True,EIDA; EPOS; Zenodo,True,True,Service,EIDA,EPOS,SMAD,,NONE,NONE,NONE,DECLARED,DECLARED,●M4 ●M5,,established,canonical (ILM),DECLARED,4,REPORT ✓ + DOI,True,True,False
C3_TA3-84-1_3,C3,Irpinia Near Fault Observatory,WP8,Project fully reported,True,False,True,True,True,True,CREW; EPOS,EPOS,CREW; EPOS,Zenodo,Zenodo,,,EPOS,EPOS,EPOS,5,True,CREW; EPOS,4,Data product,True,C3-TA3-84-1_3_NEWMAR.docx,1.0,C3_TA3-84-1_3,from 13/05/2026 to 23/05/2026,True,True,,zenodo.org/records/21393935,True,False,CREW; EPOS; Zenodo,True,True,Data product,CREW,EPOS,NEWMAR,,DECLARED,NONE,NONE,NONE,DECLARED,●M1 ●M5,,established,canonical (ILM),DECLARED,4,REPORT ✓ + DOI,True,True,False
C1_TA2-531-3_6,C1,UMA,WP5,Visit/access exhausted,True,False,True,True,True,True,,SDL,SDL,,,,,SDL,SDL,SDL,4,True,SDL,4,Data product,True,C1-TA2-531-3-6_IALGTLRCH1960.pdf,1.0,C1-TA2-531-3-6,7 - 21 October 2024,True,True,,,False,False,,False,True,Data product,SDL,EPOS,IALGTLRCH1960,,DECLARED,NONE,NONE,NONE,NONE,●M1,,not applicable,none,DECLARED,4,REPORT ✓,True,False,False
C1_TA2-531-3_7,C1,UMA,WP5,Visit/access exhausted,True,False,True,True,True,True,,SDL,SDL,,,,,SDL,SDL,SDL,4,True,SDL,4,Data product,True,C1-TA2-531-3-7_FLOODIMG.pdf,2.0,C1-TA2-531-3-7,29 January - 13 February 2025,True,True,10.82554/sdl-561,,True,False,SDL,True,True,Data product; Software,SDL,EPOS,FLOOD-IMG,,DECLARED,NONE,DECLARED,NONE,NONE,●M1 ●M3,,not applicable,none,DECLARED,4,REPORT ✓ + DOI,False,False,False
C1_TA2-541-1_2,C1,INGV - CSIC,WP5,TA reported to PMO by host manager,True,False,True,True,True,True,SDL,SDL,SDL,SDL,SDL,,SDL,SDL,SDL,SDL,8,True,SDL,4,Data product,True,C1-TA2-541-1-2_TEPHRAZOR.pdf,2.0,C1_TA2-541-1_2,3 – 28 March 2025,True,True,10.82554/sdl-282.281,,True,True,SDL,True,True,Data product; Software,SDL,EPOS,TEPHRAZOR,C1_TA2-541-2_2,DECLARED,NONE,DECLARED,NONE,NONE,●M1 ●M3,,not applicable,none,DECLARED,4,REPORT ✓ + DOI,True,False,False
C1_TA2-531-1_1,C1,LMU,WP5,Project fully reported,True,True,True,True,True,True,,SDL,SDL,SDL,SDL,SDL,SDL,SDL,SDL,SDL,8,True,SDL,4,Data product,True,C1-TA2-531-1-1_RADIATE.pdf,1.0,C1-TA2-531-1,6.-18.20.2024,True,True,,,False,False,,False,True,Data; Data product; Software,SDL,EPOS,RADIATE,,DECLARED,NONE,DECLARED,NONE,NONE,●M1 ●M3,,not applicable,none,DECLARED,4,REPORT ✓,True,False,True
C1_TA2-531-1_2,C1,LMU,WP5,Project fully reported,True,True,True,True,True,True,SDL,SDL,SDL,,Zenodo,Zenodo,,SDL,SDL,SDL,5,True,SDL,4,Data product,False,,,,,False,False,,,False,False,,False,False,Data product,SDL,EPOS,haiti-drm,,DECLARED,NONE,NONE,NONE,DECLARED,●M1 ●M5,,established,canonical (ILM),DECLARED,4,NO REPORT ON FILE,True,True,True
C2_TA2-531-1_2,C2,LMU,WP5,Project fully reported,True,True,True,True,True,True,SDL,SDL,SDL,SDL,,SDL,SDL,SDL,SDL,SDL,8,True,SDL,4,Data product,True,C2-TA2-531-1-2_CapCosSC-HPC.pdf,1.0,C2_TA2-531-1-2,30. June – 11. July 2025,True,True,,,False,False,SDL,True,True,Data; Data product,SDL,EPOS,CapCosC-HPC,,DECLARED,NONE,NONE,NONE,NONE,●M1,,not applicable,none,DECLARED,4,REPORT ✓,True,False,True
C2_TA2-541-9_2,C2,LMU,WP5,Project fully reported,True,True,True,True,True,True,SDL,SDL,SDL,SDL,SDL,SDL,SDL,SDL,SDL,SDL,9,True,SDL,4,Data product,True,C2-TA2-541-9_2_CyberSISZ.pdf,1.0,TA2-541-9,17-28 February 2025,True,True,,,False,False,,False,True,Data; Data product,SDL,EPOS,CyberSISZ,,DECLARED,NONE,NONE,NONE,NONE,●M1,,not applicable,none,DECLARED,4,REPORT ✓,True,False,True
C2_TA2-541-9_1,C2,LMU,WP5,Project fully reported,True,True,True,True,True,True,SDL,SDL,SDL,SDL,SDL,SDL,SDL,SDL,SDL,SDL,9,True,SDL,4,Data product,True,C2-TA2-541-9-1_SHARE.pdf,1.0,C2-TA2-541-9-1,,True,False,,,False,True,ChEESE; SDL; Zenodo,True,True,Data; Data product,SDL,EPOS,SHARE,,DECLARED,NONE,NONE,NONE,NONE,●M1,,not applicable,none,DECLARED,4,REPORT ✓,True,False,True
C3_TA2-541-11_1,C3,LMU,WP5,Project fully reported,True,True,True,True,True,True,SDL,SDL,SDL,SDL,,,,SDL,SDL,SDL,6,True,SDL,4,Data product,True,C3-TA2-541-11-3_FFM-Tohoku.pdf,1.0,C3-TA2-541-11_3,"30. June- 11. July 2025, remote access continued",True,True,,,False,False,SDL,True,True,Data product,SDL,EPOS,FFM-Tohoku,,DECLARED,NONE,NONE,NONE,NONE,●M1,,not applicable,none,DECLARED,4,REPORT ✓,True,False,True
C3_TA2-541-11_2,C3,LMU,WP5,Project fully reported,True,True,True,True,True,True,SDL,SDL,SDL,SDL,SDL,,SDL,SDL,SDL,SDL,8,True,SDL,4,Data product,True,C3-TA2-541-11-2_phyDRMT.docx,1.0,C3-TA2-541-11_2,"Feb. 11 - March 2, 2026, access to Leonardo continues",True,True,,,False,False,,False,True,Data product,SDL,EPOS,PhyDRMT,,DECLARED,NONE,NONE,NONE,NONE,●M1,,not applicable,none,DECLARED,4,REPORT ✓,True,False,True
C1_TA3-83-1_1,C1,INGV,WP8,Project fully reported,True,True,True,True,True,True,Zenodo,,,,Zenodo,,,ChEESE,EPOS,Zenodo,2,True,Zenodo,4,Data product,True,C1_TA3-83-1-1_ETNAGRAV.pdf,3.0,C1_TA3-83-1_1,"11–15 July, 2024",True,True,,zenodo.org/records/15039921,True,False,Zenodo,False,True,Data; Data product,,,ETNAGRAV,,NONE,NONE,NONE,NONE,NONE,,Repository-only,not applicable,canonical (ILM),LINEAGE,4,REPORT ✓ + DOI,False,True,True
C3_TA2-531-2_1,C3,INGV,WP5,Project fully reported,True,True,True,True,True,True,SDL,SDL,SDL,SDL,SDL,,,ChEESE,SDL,SDL,6,True,SDL,4,Data product,True,C3-TA2-531-2-1_4D-MOVPOV.pdf,1.0,C3-TA2-531-2-1,12-25 Oct. 2025; 22-28 Feb. 2026,True,True,10.82554/sdl-441.493,,True,True,SDL,True,True,Data; Data product; Software,SDL,EPOS,4D-MOVPOV,,DECLARED,NONE,DECLARED,NONE,NONE,●M1 ●M3,,not applicable,none,DECLARED,4,REPORT ✓ + DOI,True,False,True
C2_TA2-531-2_2,C2,INGV,WP5,Project fully reported,True,True,True,True,True,True,,SDL,SDL,SDL,SDL,SDL,,ChEESE,SDL,SDL,6,True,SDL,4,Data product,True,C2-TA2-531-2-2 _ FLOWFOCUS.docx,1.0,C2_TA2-531-2_2,28/5 - 13/6 2025,True,True,,,False,False,SDL,True,True,Data; Data product,SDL,EPOS,FLOWFOCUS,,DECLARED,NONE,NONE,NONE,NONE,●M1,,not applicable,none,DECLARED,4,REPORT ✓,True,False,True
C1_TA2-541-3_1,C1,INGV,WP5,Project fully reported,True,True,True,True,True,True,,ChEESE,SDL,SDL,SDL,SDL,,ChEESE,SDL,SDL,5,True,ChEESE; SDL,4,Data product,True,C1-TA2-541-3-1_PLACS.docx,1.0,C1-TA2-541-3-1,17 - 22 November 2024 and 27-31 January 2025,True,True,,,False,False,ChEESE; SDL,True,True,Data product; Software,SDL,ChEESE + EPOS,PLACS,,DECLARED,NONE,DECLARED,NONE,NONE,●M1 ●M3,,not applicable,none,DECLARED,4,REPORT ✓,True,False,True
C1_TA2-541-3_3,C1,INGV,WP5,Project fully reported,True,True,True,True,True,True,,ChEESE,SDL,SDL,SDL,SDL,,ChEESE,SDL,SDL,5,True,ChEESE; SDL,4,Data product,True,C1-TA2-541-3-3_CBHA.pdf,2.0,C1_TA2-541-3_3,July 2025 – June 2026,True,True,10.82554/sdl-515,,True,False,ChEESE; SDL,True,True,Data product; Software,SDL,ChEESE + EPOS,CBHA,,DECLARED,NONE,DECLARED,NONE,NONE,●M1 ●M3,,not applicable,none,DECLARED,4,REPORT ✓ + DOI,True,False,True
C3_TA3-82-1_4,C3,ETH,WP8,Project fully reported,True,True,True,True,True,True,,EPOS,,,,,,EFEHR,EPOS,EPOS,2,True,EPOS,4,Data,True,C3-TA3-82-1-4_B-PIP.pdf,1.0,C3_TA3-82-1_4,Remote access from October to December 2025,True,True,,,False,False,,False,True,Data,Not specified,EPOS,B-PIP,,NONE,DECLARED,NONE,NONE,NONE,●M2,,not applicable,none,DECLARED,4,REPORT ✓,True,False,True
C3_TA3-82-1_5,C3,ETH,WP8,Project fully reported,True,True,True,True,True,True,,EPOS,,,,,,EFEHR,EPOS,EPOS,2,True,EPOS,4,Data,True,C3-TA3-82-1-5_Haaf_ESPF.pdf,2.0,C3-TA3-82-1-5,Aug-Sep 2025 Remote planning sessions; 13-24 October 2025 Visit and Sensor deployment; Dec 2025-Feb 2026 Remote access,True,True,,,False,True,ARISE; EIDA; EPOS,True,True,Data,Not specified,EPOS,ESPF,,NONE,DECLARED,NONE,NONE,NONE,●M2,,not applicable,none,DECLARED,4,REPORT ✓,True,False,True
C3_TA2-531-3_8,C3,UMA,WP5,Visit/access exhausted,True,False,True,True,True,True,,SDL,SDL,SDL,SDL,,,SDL,SDL,SDL,6,True,SDL,4,Data product,True,C1-TA2-531-3_BETON.pdf,2.0,C1-TA2-531-3,16 - 20 February 2026,True,True,,,False,False,,False,True,Data product; Software,SDL,EPOS,BETON,,DECLARED,NONE,DECLARED,NONE,NONE,●M1 ●M3,,not applicable,none,DECLARED,4,REPORT ✓,True,False,False
C4_TA3_82_1_1,C4,ETH,WP8,Project fully reported,True,True,True,True,True,True,,EPOS,,,,,,EFEHR,EPOS,EPOS,2,True,EPOS,4,Data,True,C4_TA3_82_1_1_FZCOWI.pdf,2.0,C4_TA3_82_1_1,Aug-Sep 2025 Remote planning sessions; 13-24 October 2025 Data acquisition; Feb – May 2026 Remote access.,True,True,,,False,False,,False,True,Data; Data product; Software,Not specified,EPOS,FZCOWI,,NONE,DECLARED,DECLARED,NONE,NONE,●M2 ●M3,,not applicable,none,DECLARED,4,REPORT ✓,True,False,True
C4_TA3-86-1,C4,GFZ/ARDITI,WP8,Data/products accessible,True,True,True,True,True,True,,EPOS,EIDA,,,,,EIDA,EPOS,EIDA,2,True,EIDA; EPOS,4,Data product,True,C4-TA3-86-1-1_DEEPSENSE.docx,1.0,101058518,19-22.04.2026,True,False,,,False,False,EIDA,True,True,Data; Data product; Software; Service,EIDA,EPOS,DEEP-SENSE,,DECLARED,NONE,DECLARED,DECLARED,NONE,●M1 ●M3 ●M4,,not applicable,none,DECLARED,4,REPORT ✓,True,False,True
C4_TA3-86-2,C4,GFZ/ARDITI,WP8,Data/products accessible,True,True,True,True,True,True,,EPOS,EIDA,,,,,EIDA,EPOS,EIDA,2,True,EIDA; EPOS,4,Data,True,C4-TA3-86-1-2_OASIS.pdf,1.0,C4-TA3-86-1-2,on-site visit 25-26/3/2026,True,True,,,False,False,Zenodo,False,True,Data; Data product; Software,EIDA,EPOS,OASIS,,DECLARED,NONE,DECLARED,NONE,NONE,●M1 ●M3,,not applicable,none,DECLARED,4,REPORT ✓,True,False,True
C4_TA3-86-3,C4,GFZ/ARDITI,WP8,Data/products accessible,True,True,True,True,True,True,,EPOS,EIDA,,,,,EIDA,EPOS,EIDA,2,True,EIDA; EPOS,4,Data,True,C4_TA3-86-1_3_ATLANTIDAS.pdf,2.0,C4-TA3-86-1-3,2024-08-03 >> 2024-08-31 (vintage data with catalog earthquake recordings); 2024-12-03 >> 2024-12-13 (vintage data with ,True,False,,,False,True,,False,True,Data; Data product; Software; Service,EIDA,EPOS,ATLANTIDAS,,DECLARED,NONE,DECLARED,DECLARED,NONE,●M1 ●M3 ●M4,,not applicable,none,DECLARED,4,REPORT ✓,True,False,True
C3_TA2-542-1_2,C3,ETH,WP5,Project fully reported,True,True,True,True,True,True,,EFEHR,EFEHR,,,,,EFEHR,SDL,EFEHR,3,True,EFEHR,4,Data product,True,C3-TA2-542-1-2_NSHM-BPG.docx,2.0,TA2-542-1,8-17 September 2025 and 15-19 June 2026,True,True,,,False,True,,False,True,Data product; Software,Not specified,EFEHR,NSHM-BPG,,DECLARED,NONE,DECLARED,NONE,NONE,●M1 ●M3,,not applicable,none,DECLARED,4,REPORT ✓,False,False,True
C3_TA2-542-1_4,C3,ETH,WP5,Project fully reported,True,True,True,True,True,True,,EFEHR,EFEHR,,,,,EFEHR,SDL,EFEHR,3,True,EFEHR,4,Data product,True,C4-TA2-542-1-3_EMME24-RIRA.pdf,1.0,TA2-542-1,"23-27 February 2026, 20-24 July 2026",True,True,,,False,True,,False,True,Data; Data product,Not specified,EFEHR,EMME-GMM,,DECLARED,NONE,NONE,NONE,NONE,●M1,,not applicable,none,DECLARED,4,REPORT ✓,False,False,True
C3_TA2-542-1_6,C3,ETH,WP5,Project fully reported,True,True,True,True,True,True,,EFEHR,,,,,,EFEHR,SDL,EFEHR,2,True,EFEHR,4,Data product,True,C3-TA2-542-1-6_ICEHRM.docx,1.0,C3-TA2-542-1-6,"13-24 July 2026 (on-site), followed by two weeks of remote access",True,True,,,False,True,EFEHR,True,True,Data; Data product; Software,Not specified,EFEHR,ICEHRM,,DECLARED,NONE,DECLARED,NONE,NONE,●M1 ●M3,,not applicable,none,DECLARED,4,REPORT ✓,False,False,True
C4_TA2-542-1_2,C4,ETH,WP5,Project fully reported,True,True,True,True,True,True,,EFEHR,EFEHR,,,,,EFEHR,SDL,EFEHR,3,True,EFEHR,4,Data product,True,C4-TA-542-1-2_QUAKERISK-EU.docx,1.0,C4-TA-542-1-2,"Two in-person weeks at ETH Zürich (Week 1: 18/01/2026 to 24/01/2026; Week 2: 07/06/2026 to 13/06/2026), complemented by ",True,True,,,False,False,EPOS; SDL,True,True,Data product; Software,Not specified,EFEHR,QUAKERISK-EU,,DECLARED,NONE,DECLARED,NONE,NONE,●M1 ●M3,,not applicable,none,DECLARED,4,REPORT ✓,False,False,True
