Project ID,Call,Host,WP,Project Stage,g1,units_recorded,g2,output_described,reuse_terms_stated,g3,R1,R2,R3,R4,R5,R6,R7,R8,R9,destination,concordance,g4,declared_destination,TIL,DDSS
C1_TA1-44-1_1,C1,Svelvik CO2 Field Lab,WP4,Visit/access exhausted,True,True,True,False,True,False,,ECCSEL,ECCSEL; EPOS,,,,,,ECCSEL,ECCSEL,3,True,ECCSEL; EPOS,2,Data
C1_TA3-84-1_1,C1,Irpinia Near Fault Observatory,WP8,Project fully reported,True,True,True,True,True,True,CREW; EPOS,EPOS,CREW; EPOS,Zenodo,Zenodo,,,EPOS,EPOS,EPOS,5,True,CREW; EPOS,4,Data product
C1_TA3-84-1_2,C1,Irpinia Near Fault Observatory,WP8,Project fully reported,True,False,True,True,True,True,Zenodo,EPOS,CREW; EPOS,Zenodo,Zenodo,,,EPOS,EPOS,EPOS,4,True,CREW; EPOS; Zenodo,4,Data product
C1_TA3-84-1_3,C1,Irpinia Near Fault Observatory,WP8,Project fully reported,True,False,True,True,True,True,Zenodo,EPOS,EIDA,Zenodo,Zenodo,,,EPOS,EPOS,EPOS,3,True,EIDA; EPOS; Zenodo,4,Service
C2_TA3-84-1_2,C2,Irpinia Near Fault Observatory,WP8,Project fully reported,True,False,True,True,True,True,Zenodo,EPOS,EIDA,Zenodo,Zenodo,,,EPOS,EPOS,EPOS,3,True,EIDA; EPOS; Zenodo,4,Service
C3_TA3-84-1_2,C3,Irpinia Near Fault Observatory,WP8,Visit/access exhausted,True,False,True,False,True,False,CREW; EPOS,EPOS,CREW; EPOS,,,,,EPOS,EPOS,EPOS,5,True,CREW; EPOS,2,Data product
C3_TA3-84-1_3,C3,Irpinia Near Fault Observatory,WP8,Project fully reported,True,False,True,True,True,True,CREW; EPOS,EPOS,CREW; EPOS,Zenodo,Zenodo,,,EPOS,EPOS,EPOS,5,True,CREW; EPOS,4,Data product
C1_TA2-531-3_1,C1,UMA,WP5,Visit/access exhausted,True,False,True,False,True,False,,SDL,SDL,SDL,,,,SDL,SDL,SDL,5,True,SDL,2,Data product
C1_TA2-531-3_6,C1,UMA,WP5,Visit/access exhausted,True,False,True,True,True,True,,SDL,SDL,,,,,SDL,SDL,SDL,4,True,SDL,4,Data product
C1_TA2-531-3_7,C1,UMA,WP5,Visit/access exhausted,True,False,True,True,True,True,,SDL,SDL,,,,,SDL,SDL,SDL,4,True,SDL,4,Data product
C1_TA2-541-1_1,C1,INGV - CSIC,WP5,Visit/access exhausted,True,False,True,False,True,False,,SDL,,,,,SDL,SDL,SDL,SDL,4,True,SDL,2,Data product
C1_TA2-541-1_2,C1,INGV - CSIC,WP5,TA reported to PMO by host manager,True,False,True,True,True,True,SDL,SDL,SDL,SDL,SDL,,SDL,SDL,SDL,SDL,8,True,SDL,4,Data product
C2_TA2-532-1_1,C2,NGI,WP5,Project fully reported,True,True,True,False,False,False,,SDL,SDL,SDL,,,,SDL,SDL,SDL,5,True,SDL,2,Data product
C2_TA2-532-1_6,C2,NGI,WP5,Project fully reported,True,True,True,False,False,False,,SDL,SDL,SDL,,,,SDL,SDL,SDL,5,True,SDL,2,Data product
C2_TA2-532-1_3,C2,NGI,WP5,Project fully reported,True,True,True,False,True,False,,SDL,SDL,SDL,,,,SDL,SDL,SDL,5,True,SDL,2,Data product
C2_TA2-532-1_2,C2,NGI,WP5,Project fully reported,True,True,True,False,False,False,,SDL,SDL,SDL,,,,SDL,SDL,SDL,5,True,SDL,2,Data product
C1_TA2-541-6_1,C1,NGI,WP5,TA reported to PMO by host manager,True,True,True,False,False,False,,,SDL,,,,,SDL,SDL,SDL,3,True,SDL,2,Data product
C2_TA2-541-6_2,C2,NGI,WP5,TA reported to PMO by host manager,True,True,True,False,False,False,,,SDL,,,,,SDL,SDL,SDL,3,True,SDL,2,Data product
C1_TA2-531-1_1,C1,LMU,WP5,Project fully reported,True,True,True,True,True,True,,SDL,SDL,SDL,SDL,SDL,SDL,SDL,SDL,SDL,8,True,SDL,4,Data product
C1_TA2-531-1_2,C1,LMU,WP5,Project fully reported,True,True,True,True,True,True,SDL,SDL,SDL,,Zenodo,Zenodo,,SDL,SDL,SDL,5,True,SDL,4,Data product
C2_TA2-531-1_2,C2,LMU,WP5,Project fully reported,True,True,True,True,True,True,SDL,SDL,SDL,SDL,,SDL,SDL,SDL,SDL,SDL,8,True,SDL,4,Data product
C2_TA2-541-9_2,C2,LMU,WP5,Project fully reported,True,True,True,True,True,True,SDL,SDL,SDL,SDL,SDL,SDL,SDL,SDL,SDL,SDL,9,True,SDL,4,Data product
C2_TA2-541-9_1,C2,LMU,WP5,Project fully reported,True,True,True,True,True,True,SDL,SDL,SDL,SDL,SDL,SDL,SDL,SDL,SDL,SDL,9,True,SDL,4,Data product
C3_TA2-541-11_1,C3,LMU,WP5,Project fully reported,True,True,True,True,True,True,SDL,SDL,SDL,SDL,,,,SDL,SDL,SDL,6,True,SDL,4,Data product
C3_TA2-541-11_2,C3,LMU,WP5,Project fully reported,True,True,True,True,True,True,SDL,SDL,SDL,SDL,SDL,,SDL,SDL,SDL,SDL,8,True,SDL,4,Data product
C1_TA3-83-1_1,C1,INGV,WP8,Project fully reported,True,True,True,True,True,True,Zenodo,,,,Zenodo,,,ChEESE,EPOS,Zenodo,2,True,Zenodo,4,Data product
C1_TA2-541-10_4,C1,BSC,WP5,Visit/access exhausted,True,True,True,False,True,False,,SDL,SDL,,,,,,SDL,SDL,3,True,SDL,2,Data product
C1_TA2-531-2_2,C1,INGV,WP5,Project fully reported,True,True,True,False,True,False,,ChEESE,,,,,,SDL,SDL,SDL,2,True,ChEESE,2,Data product
C1_TA2-531-2_1,C1,INGV,WP5,Project fully reported,True,True,True,False,True,False,,ChEESE,,,,,,SDL,SDL,SDL,2,True,ChEESE,2,Data product
C3_TA2-531-2_1,C3,INGV,WP5,Project fully reported,True,True,True,True,True,True,SDL,SDL,SDL,SDL,SDL,,,ChEESE,SDL,SDL,6,True,SDL,4,Data product
C2_TA2-531-2_2,C2,INGV,WP5,Project fully reported,True,True,True,True,True,True,,SDL,SDL,SDL,SDL,SDL,,ChEESE,SDL,SDL,6,True,SDL,4,Data product
C1_TA2-541-3_1,C1,INGV,WP5,Project fully reported,True,True,True,True,True,True,,ChEESE,SDL,SDL,SDL,SDL,,ChEESE,SDL,SDL,5,True,ChEESE; SDL,4,Data product
C1_TA2-541-3_3,C1,INGV,WP5,Project fully reported,True,True,True,True,True,True,,ChEESE,SDL,SDL,SDL,SDL,,ChEESE,SDL,SDL,5,True,ChEESE; SDL,4,Data product
C1_TA2-542-1_1,C1,ETH,WP5,Project fully reported,True,True,True,True,True,True,,,,,,,,EFEHR,SDL,EFEHR,1,False,,3,Data product
C1_TA2-542-1_2,C1,ETH,WP5,Project fully reported,True,True,True,False,True,False,,,,,,EIDA,,EFEHR,SDL,EFEHR,1,False,,2,Data product
C1_TA2-542-1_3,C1,ETH,WP5,Project fully reported,True,True,True,True,True,True,,,,,,,,EFEHR,SDL,EFEHR,1,False,,3,Data product
C3_TA3-82-1_4,C3,ETH,WP8,Project fully reported,True,True,True,True,True,True,,EPOS,,,,,,EFEHR,EPOS,EPOS,2,True,EPOS,4,Data
C3_TA3-82-1_5,C3,ETH,WP8,Project fully reported,True,True,True,True,True,True,,EPOS,,,,,,EFEHR,EPOS,EPOS,2,True,EPOS,4,Data
C3_TA3-83-1_2,C3,INGV-OE,WP8,Project fully reported,True,True,True,True,True,True,,,,,,,,EPOS,EPOS,EPOS,2,False,,3,Data
C3_TA3-83-4_2,C3,INGV-OE,WP8,Visit/access exhausted,True,False,False,False,False,False,,EPOS,,,,,Zenodo,EPOS,EPOS,EPOS,3,True,EPOS,1,Data product
C3_TA3-83-4_3,C3,INGV-OE,WP8,Visit/access exhausted,True,True,True,False,False,False,,EPOS,,,,,,EPOS,EPOS,EPOS,3,True,EPOS,2,unclassified
C3_TA3-83-5_2,C3,INFN,WP8,Project fully reported,True,False,False,True,True,True,,EMSO,,,,,,EMSO,EPOS,EMSO,2,True,EMSO,1,Data product
C3_TA3-83-6_2,C3,GFZ,WP8,Project fully reported,True,True,True,False,False,False,,,,,,,,,EPOS,EPOS,1,False,,2,unclassified
C3_TA2-531-3_3,C3,UMA,WP5,Visit/access exhausted,True,False,False,False,True,False,,SDL,SDL,SDL,,,,SDL,SDL,SDL,5,True,SDL,1,Data product
C3_TA2-531-3_6,C3,UMA,WP5,Project details negotiated,False,False,False,True,True,True,,SDL,SDL,,,,,SDL,SDL,SDL,4,True,SDL,0,Data product
C3_TA2-531-3_8,C3,UMA,WP5,Visit/access exhausted,True,False,True,True,True,True,,SDL,SDL,SDL,SDL,,,SDL,SDL,SDL,6,True,SDL,4,Data product
C3_TA-88-1_2,C3,ΝΟΑ,WP8,Project fully reported,True,False,True,False,True,False,,,,,,Zenodo,,,EPOS,EPOS,1,False,,2,Data
C3_TA1-44-2_2,C3,OGS PITOP,WP4,Data/products accessible,True,True,True,False,True,False,,ECCSEL,ECCSEL; EPOS,,,ECCSEL,,,ECCSEL,ECCSEL,4,True,ECCSEL; EPOS,2,Data product
C3_TA1-44-1_3,C3,SINTEF Svelvik CO2 Field Lab,WP4,Visit/access exhausted,True,False,False,True,False,False,,ECCSEL,ECCSEL; EPOS,,,,,ECCSEL,ECCSEL,ECCSEL,4,True,ECCSEL; EPOS,1,Data product
C3_TA1-44-1_4,C3,SINTEF Svelvik CO2 Field Lab,WP4,Visit/access exhausted,True,False,False,False,False,False,,ECCSEL,ECCSEL; EPOS,,,,,ECCSEL,ECCSEL,ECCSEL,4,True,ECCSEL; EPOS,1,Data product
C3_TA1-44-5_2,C3,TNO Mobile Seismic Grid,WP4,Time window for the visit/access fixed,False,False,False,True,False,False,,ECCSEL,ECCSEL; EPOS,,,,,,ECCSEL,ECCSEL,3,True,ECCSEL; EPOS,0,Data product
C2_TA2-532-1_5,C2,NGI,WP5,Data/products accessible,True,True,True,False,False,False,,,,,,,,SDL,SDL,SDL,2,False,,2,Data product
C2_TA2-541-6_1,C2,NGI,WP8,TA reported to PMO by host manager,True,True,True,False,False,False,,,,,,,SDL,SDL,EPOS,SDL,2,False,,2,Data product
C2_TA3-88-2_1,C2,NOA,WP8,Project fully reported,True,True,True,True,True,True,,,,Zenodo,,Zenodo,,,EPOS,Zenodo,2,False,,3,Data
C4_TA3-88-2_3,C4,NOA,WP8,Project fully reported,True,False,False,False,True,False,,,,,,Zenodo,,,EPOS,EPOS,1,False,,1,Data product
C4_TA3-88-2_2,C4,NOA,WP8,Data/products accessible,True,False,False,False,False,False,,,,Zenodo,,EPOS,,,EPOS,EPOS,2,False,,1,Service
C4_TA3_82_1_1,C4,ETH,WP8,Project fully reported,True,True,True,True,True,True,,EPOS,,,,,,EFEHR,EPOS,EPOS,2,True,EPOS,4,Data
C3_TA3_85_1_2,C3,UNINA,WP8,Visit/access exhausted,True,True,True,False,False,False,,,,,,,,,EPOS,EPOS,1,False,,2,Software
C4_TA3-83-4_1,C4,INGV,WP8,PI contacted,False,False,False,False,False,False,,,,,,,,ChEESE,EPOS,ChEESE,1,False,,0,unclassified
C4_TA3-83-5_1,C4,INFN,WP8,Project fully reported,True,False,False,True,True,True,,EMSO,,,,,,EMSO,EPOS,EMSO,2,True,EMSO,1,Software
C4_TA3-83-6_1,C4,GFZ,WP8,Visit/access exhausted,True,False,False,False,False,False,,,,,,,,,EPOS,EPOS,1,False,,1,Data
C4_TA3-86-1,C4,GFZ/ARDITI,WP8,Data/products accessible,True,True,True,True,True,True,,EPOS,EIDA,,,,,EIDA,EPOS,EIDA,2,True,EIDA; EPOS,4,Data product
C4_TA3-86-2,C4,GFZ/ARDITI,WP8,Data/products accessible,True,True,True,True,True,True,,EPOS,EIDA,,,,,EIDA,EPOS,EIDA,2,True,EIDA; EPOS,4,Data
C4_TA3-86-3,C4,GFZ/ARDITI,WP8,Data/products accessible,True,True,True,True,True,True,,EPOS,EIDA,,,,,EIDA,EPOS,EIDA,2,True,EIDA; EPOS,4,Data
C3_TA2-542-1_2,C3,ETH,WP5,Project fully reported,True,True,True,True,True,True,,EFEHR,EFEHR,,,,,EFEHR,SDL,EFEHR,3,True,EFEHR,4,Data product
C3_TA2-542-1_4,C3,ETH,WP5,Project fully reported,True,True,True,True,True,True,,EFEHR,EFEHR,,,,,EFEHR,SDL,EFEHR,3,True,EFEHR,4,Data product
C3_TA2-542-1_6,C3,ETH,WP5,Project fully reported,True,True,True,True,True,True,,EFEHR,,,,,,EFEHR,SDL,EFEHR,2,True,EFEHR,4,Data product
C4_TA2-542-1_2,C4,ETH,WP5,Project fully reported,True,True,True,True,True,True,,EFEHR,EFEHR,,,,,EFEHR,SDL,EFEHR,3,True,EFEHR,4,Data product
