Project ID,Project acronym (figure),DDSS labels,VA receiving node(s),RI portfolio(s),M2 basis (published)
C1_TA2-531-1_1,RADIATE,Data; Data product; Software,SDL,EPOS,
C1_TA2-531-1_2,haiti-drm,Data product,SDL,EPOS,
C1_TA2-531-3_6,IALGTLRCH1960,Data product,SDL,EPOS,
C1_TA2-531-3_7,FLOOD-IMG,Data product; Software,SDL,EPOS,
C1_TA2-541-1_2,TEPHRAZOR,Data product; Software,SDL,EPOS,
C1_TA2-541-2_2,TEPHRAZOR,Data product; Software,SDL,EPOS,
C1_TA3-84-1_1,FAIRWAY-IMR,Data product,CREW,EPOS,
C2_TA2-531-1_2,CapCosC-HPC,Data; Data product,SDL,EPOS,
C2_TA2-531-2_2,FLOWFOCUS,Data; Data product,SDL,EPOS,
C2_TA2-541-9_1,SHARE,Data; Data product,SDL,EPOS,
C2_TA2-541-9_2,CyberSISZ,Data; Data product,SDL,EPOS,
C3_TA2-531-2_1,4D-MOVPOV,Data; Data product; Software,SDL,EPOS,
C3_TA2-531-3_8,BETON,Data product; Software,SDL,EPOS,
C3_TA2-541-11_1,FFM-Tohoku,Data product,SDL,EPOS,
C3_TA2-541-11_2,PhyDRMT,Data product,SDL,EPOS,
C3_TA3-82-1_4,B-PIP,Data,Not specified,EPOS,M2: explicit catalogue/metadata-integration route
C3_TA3-82-1_5,ESPF,Data,Not specified,EPOS,M2: explicit catalogue/metadata-integration route
C3_TA3-84-1_3,NEWMAR,Data product,CREW,EPOS,
C4_TA3-86-1,DEEP-SENSE,Data; Data product; Software; Service,EIDA,EPOS,
C4_TA3-86-2,OASIS,Data; Data product; Software,EIDA,EPOS,
C4_TA3-86-3,ATLANTIDAS,Data; Data product; Software; Service,EIDA,EPOS,
C4_TA3_82_1_1,FZCOWI,Data; Data product; Software,Not specified,EPOS,M2: explicit catalogue/metadata-integration route
C1_TA2-541-3_1,PLACS,Data product; Software,SDL,ChEESE + EPOS,
C1_TA2-541-3_3,CBHA,Data product; Software,SDL,ChEESE + EPOS,
C3_TA2-542-1_2,NSHM-BPG,Data product; Software,Not specified,EFEHR,
C3_TA2-542-1_4,EMME-GMM,Data; Data product,Not specified,EFEHR,
C3_TA2-542-1_6,ICEHRM,Data; Data product; Software,Not specified,EFEHR,
C4_TA2-542-1_2,QUAKERISK-EU,Data product; Software,Not specified,EFEHR,
C1_TA3-84-1_2,AI-BAZ,Data product; Service,CREW,EPOS,
C1_TA3-84-1_3,OPTMISED,Service,EIDA,EPOS,
C2_TA3-84-1_2,SMAD,Service,EIDA,EPOS,
C1_TA3-83-1_1,ETNAGRAV,Data; Data product,,,
C1_TA2-542-1_1,SEISGEN,Data; Data product,To confirm,EFEHR,
C1_TA2-542-1_3,NonErg VRI - GMM,Data product; Software,To confirm,EFEHR,
C2_TA3-88-2_1,LC-HERC2,Data; Data product,To confirm,EPOS,
C3_TA3-83-1_2,ROTATIONAL-NIGHT,Data,To confirm,EPOS,
C1_TA1-44-1_1,ConvDAS,Data; Data product,Not specified,ECCSEL + EPOS,
C1_TA2-531-2_1,TOPOVOLC,Data; Data product,Not specified,ChEESE,
C1_TA2-531-2_2,IMPACT,Data; Data product; Software,Not specified,ChEESE,
C1_TA2-531-3_1,TRUSTIC,Data product,SDL,EPOS,
C1_TA2-541-10_4,CYBER-NEI,Data product,SDL,EPOS,
C1_TA2-541-1_1,TephraNZ,Data product,SDL,EPOS,
C1_TA2-541-2_1,TephraNZ,Unknown,SDL,EPOS,
C1_TA2-541-6_1,CHIThA,Data product,SDL,EPOS,
C1_TA2-542-1_2,OMG!,Data; Data product; Software,EIDA,EFEHR + EPOS,M2: explicit catalogue/metadata-integration route
C2_TA2-532-1_1,LANDQUAKE,Data; Data product,SDL,EPOS,
C2_TA2-532-1_2,Acronym not recorded,Data product,SDL,EPOS,
C2_TA2-532-1_3,RILTiMe,Data product; Software,SDL,EPOS,
C2_TA2-532-1_5,SLIDER,Data product,To confirm,EPOS,
C2_TA2-532-1_6,Acronym not recorded,Data product,SDL,EPOS,
C2_TA2-541-6_1,PTHA-WESTIND,Data product,SDL,EPOS,
C2_TA2-541-6_2,PTHA-HPC-AM,Data product,SDL,EPOS,
C3_TA-88-1_2,NEREIDS,Data; Data product; Software; Service,To confirm,EPOS,
C3_TA1-44-2_2,SeisDAS,Data; Data product,Not specified,ECCSEL + EPOS,
C3_TA3-82-1_3,B-PICK,Data product; Software; Service,To confirm,EFEHR + EPOS,
C3_TA3-83-4_3,DECADE,Data,Not specified,EPOS,
C3_TA3-83-6_2,DIAPASON,Unknown,To confirm,EPOS,
C3_TA3-84-1_2,SGITA,Data product,CREW,EPOS,
C3_TA3_85_1_2,MAREA,Data product; Software; Service,To confirm,EPOS,
C4_TA3_82_1_4,GREASE,Data,To confirm,EFEHR + EPOS,
C3_TA1-44-1_3,SBEM,Data; Data product; Software,Not specified,ECCSEL + EPOS,
C3_TA1-44-1_4,DASGAS,Data; Data product; Service,Not specified,ECCSEL + EPOS,
C3_TA2-531-3_3,SLAM,Data product,SDL,EPOS,
C3_TA3-83-4_2,CO2 Paradox,Data; Data product,Not specified,EPOS,
C3_TA3-83-5_2,OMAC,Data; Data product; Software,Not specified,EMSO,
C4_TA3-83-5_1,FREDAS,Data; Software,Not specified,EMSO,
C4_TA3-83-6_1,USCV-DAS,Data,To confirm,EPOS,
C2_TA2-532-1_4,DELTA,Data product,To confirm,EPOS,
C2_TA2-541-9_3,COL1917-M7,Data product,To confirm,EPOS,
C3_TA1-44-5_2,Infra Soil Array,Data; Data product; Software,Not specified,ECCSEL + EPOS,
C3_TA2-531-3_6,ELITS-SEA,Data product; Software,SDL,EPOS,
C4_TA3-83-4_1,VTAETNA-11-13,Data,To confirm,EPOS,
C4_TA3-88-2_1,FIBERCREEP,Data product; Service,To confirm,EPOS,
C4_TA3-88-2_2,LEGANT,Data; Data product; Service,To confirm,EPOS,
C4_TA3-88-2_3,UnICorn,Data; Data product; Service,To confirm,EPOS,
