Project ID,Identifier in TA report,Verdict,Context in the report
C3_TA1-44-1_4,10.5281/zenodo.21193610; 10.5281/zenodo.21208202; 10.5281/zenodo.21208303; 10.5281/zenodo.21208335,own deposit,"The DASGAS datasets have been deposited in Zenodo"
C3_TA1-44-5_2,10.5281/zenodo.20943643,own deposit,"field campaign data are available through the Zenodo open repository"
C3_TA2-531-3_6,10.5281/zenodo.21487000,own deposit,"available via the Zenodo data repository under an open-access license"
C3_TA3-83-4_3,10.5281/zenodo.21716432,own deposit,"EPMA data: https://doi.org/10.5281/zenodo.21716432"
C3_TA3_85_1_2,10.5281/zenodo.21360273,own deposit,"Distribution of Jupyter Notebook for testing the developed approach"
C3_TA-88-1_2,10.5281/zenodo.20614142,own deposit,"DAS Earthquake Waveforms Recorded During the NEREIDS Experiment [Data set]. Zenodo"
C4_TA3-88-2_3,10.5281/zenodo.20827253,own deposit,"Project outcomes: https://doi.org/10.5281/zenodo.20827253 (record titled UnICorn)"
C2_TA3-88-2_1,10.5281/zenodo.19237676,own deposit,"Zenodo (doi: 10.5281/zenodo.19237676) as PPP_Results.zip"
C1_TA3-83-1_1,zenodo.org/records/15039921,own deposit,"Geo-INQUIRE Virtual Access: Data/Products: https://zenodo.org/records/15039921"
C1_TA3-84-1_1,10.5281/zenodo.19370972,own deposit,"openly accessed through the EPOS CREW platform (DOI 10.5281/zenodo.19370972)"
C1_TA3-84-1_2,10.5281/zenodo.19348231,own deposit,"can be openly accessed at the following DOI under a CC-BY 4.0 open license"
C1_TA3-84-1_3,10.5281/zenodo.19369960,shared deposit,"DAS data are available at 10.5281/zenodo.19369960 (record IrpiDAS event data; same DOI as SMAD)"
C2_TA3-84-1_2,10.5281/zenodo.19369960,shared deposit,"DAS data are available at 10.5281/zenodo.19369960 (record IrpiDAS event data; same DOI as OPTMISED)"
C3_TA3-84-1_3,zenodo.org/records/21393935,own deposit,"Geo-INQUIRE Virtual Access: https://zenodo.org/records/21393935"
C2_TA2-541-9_1,10.5281/zenodo.6382176,third-party citation,"reference to an existing software release [Software]. Zenodo; not a project deposit"
C3_TA3-84-1_2,10.5281/zenodo.11103858,third-party citation,"The QuakeUp package offers key ...; existing software, not a project deposit"
C4_TA3-86-2,,intention only,"notebooks and analysis scripts through an appropriate repository (e.g., GitHub or Zenodo), subject to ...; no deposit made"
